,last name,first name,patronymic,group,course,room,link,size,frequency,mail,link killer,link victim,index killer,index victim,belly,kills,kill_list,level access,live flag
0,Бунаев,Виктор,Михайлович,Б01-101,1,430,421058786,,очень редко,bunaev.vm@phystech.edu,322798073,145545897,75,1,1000.0,0,|,0,0
1,Зиятдинов ,Марат,Алмазович ,Б01-109,1,335,145545897,M,очень редко,zmarat2002@gmail.com ,322881656,190152422,71,4,1600.0,2,| vk.com/id124453843 | vk.com/id228063092 |,0,0
2,Платов,Валерий,Алексеевич,С01-919,3,413,124453843,,очень редко,platov55552@mail.ru,145545897,228063092,1,3,1000.0,0,|,0,0
3,Клинов,Николай,Дмитриевич,б01-105,1,218,228063092,,уезжаю только на выходные,klinov.nd@phystech.edu,145545897,190152422,1,4,1000.0,0,|,0,0
4,Еникеев,Аскар,Рустэмович,Б01-104,1,335,190152422,,"часто, бывает среди недели",enikeev.ar@phystech.edu,322881656,559166017,71,14,2740.0,5,| vk.com/id181112747 | vk.com/id126037446 | vk.com/id245899749 | vk.com/id441160561 | vk.com/id179170346 |,0,0
5,Мухорин,Матвей,Дмитриевич,Б01-101,1,314,181112747,,очень редко,mukhorin.md@phystech.edu,190152422,126037446,4,6,1000.0,0,|,0,0
6,Баканова,Ксения,Валерьевна,Б01-003,2,303,126037446,,очень редко,bakanova_ksenia@frtk.ru,190152422,245899749,4,7,1000.0,0,|,0,0
7,Дорин,Даниил,Дмитриевич,Б05-002,2,307,245899749,,уезжаю только на выходные,dorin.dd@phystech.edu,190152422,441160561,4,8,1000.0,0,|,0,0
8,Руденко,Данила,Ильич,Б01-006,2,230,441160561,,очень редко,rudenko.di@phystech.edu,190152422,179170346,4,9,1000.0,0,|,0,0
9,Скок,Борис,Валерьевич,Б01-007,2,414,179170346,,"часто, бывает среди недели",skok.b@phystech.edu,190152422,559166017,4,14,2200.0,4,| vk.com/id347734438 | vk.com/id105600160 | vk.com/id141890221 | vk.com/id186797344 |,0,0
10,Гаврилов,Виктор,Павлович,Б01-110,1,417,347734438,S/M,бывает случается,Vodolatskii.vp@phystech.edu,179170346,105600160,9,11,1000.0,0,|,0,0
11,Кашапов,Камиль,Рамзилович,Б01-105,1,332,105600160,,очень редко,kashapov.kr@phystech.edu,179170346,141890221,9,12,1000.0,0,|,0,0
12,Фатыхов,Тимур,Флюрович,Б01-009,2,425,141890221,,"иногда, бывает среди недели",fatykhov.tf@phystech.edu,179170346,186797344,9,13,1000.0,0,|,0,0
13,Талашкевич,Даниил,Александрович,Б01-009,2,325,186797344,S-M,очень редко,talashkevich.da@phystech.edu,179170346,559166017,9,14,1000.0,0,|,0,0
14,Эйсмонт,Андрей,Владимирович,Б01-109,1,436,559166017,,очень редко,eismont.av@phystech.edu,322881656,421509396,71,15,1000.0,0,|,0,1
15,Агеев,Никита,Александрович,Б01-101,1,330,421509396,,очень редко,ageev.nikita@phystech.edu ,559166017,408400638,14,16,1000.0,0,|,0,1
16,Трунов,Владимир ,Владимирович ,Б01-103,1,330,408400638,,уезжаю только на выходные,trunov.vv@phystech.edu,421509396,194354851,15,17,1000.0,0,|,0,1
17,Левонюк ,Арина ,Александровна ,Б01-103,1,412,194354851,,очень редко,mrs.levoniuk@gmail.com,408400638,254235366,16,18,1000.0,0,|,0,1
18,Голубович,Тимур,Сергеевич,Б01-108,1,220,254235366,,очень редко,golubovich.ts@phystech.edu,194354851,609813291,17,23,1960.0,3,| vk.com/id188977770 | vk.com/id239142492 | vk.com/id2892586 |,0,1
19,Цыблиенко,Никита,Дмитриевич,Б01-106,1,220,188977770,,очень редко,tsybliyenko.nd@phystech.edu,254235366,239142492,18,20,1000.0,0,|,0,0
20,Вакуленков,Даня,Владимирович,С01-019,2,225,239142492,20 см,очень редко,vakulenkov.dv@phystech.edu,254235366,2892586,18,21,1000.0,0,|,0,0
21,Дединский,Илья,Рудольфович,Х01-1ХХ,1,419,2892586,,"иногда, бывает среди недели",mail@ded32.ru,254235366,609813291,18,23,1300.0,1,| vk.com/id204643789 |,0,0
22,Бексултанова,Айкун,Жуматаевна,Б01-906,3,407,204643789,,очень редко,beksultanova.a@phystech.edu,2892586,609813291,21,23,1000.0,0,|,0,0
23,Голубев,Егор,Андреевич,Б01-106,1,105,609813291,,"часто, бывает среди недели",gol.egor1@mail.ru,254235366,598105330,18,25,1300.0,1,| vk.com/id282578669 |,0,1
24,Чеботарев,Дмитрий,Александрович,Б01-008,2,427,282578669,,очень редко,chebotarev.da@phystech.edu,609813291,598105330,23,25,1000.0,0,|,0,0
25,Ермолаева ,Варвара ,Дмитриевна ,Б01-105,1,435,598105330,,очень редко,vkvakich@gmail.com ,609813291,382699575,23,26,1000.0,0,|,0,1
26,Дзагоева,Виктория,Эдуардовна,Б01-108,1,305,382699575,,уезжаю только на выходные,dzagoeva.ve@phystech.edu,598105330,214697985,25,27,1000.0,0,|,0,1
27,Устюжанина,Мария,Алексеевна,Б01-107,1,402,214697985,S,"часто, бывает среди недели",ustyuzhanina.ma@phystech.edu,382699575,85222069,26,33,1972.0,3,| vk.com/id200613852 | vk.com/id237773694 | vk.com/id389220572 |,0,1
28,Козак,Александр,Сергеевич,Б01-110,1,110,200613852,"Ну такой, крупный, но не очень","иногда, бывает среди недели",kokzak.as@phystech.edu,214697985,237773694,27,29,1000.0,0,|,0,0
29,Мухина ,Анфиса,Дмитриевна ,Б01-004 ,2,308,237773694,,уезжаю только на выходные,mukhina.ad@phystech.edu,214697985,389220572,27,30,1000.0,0,|,0,0
30,Мельникова,Юлия,Владимировна,Б01-102,1,404,389220572,,очень редко,Melnikova.iuv@phystech.edu,214697985,85222069,27,33,1360.0,1,| vk.com/id135366388 |,0,0
31,Набиев,Арман,Альбертович,102,1,335,135366388,,уезжаю только на выходные,mesterio2003@mail.ru,389220572,85222069,30,33,1300.0,1,| vk.com/id239347379 |,0,0
32,Гроза ,Надежда,-,Б01-109,1,305,239347379,,очень редко,groza.n@phystech.edu,135366388,85222069,31,33,1000.0,0,|,0,0
33,Тюрина,Татьяна,Владимировна,Б05-907,3,411,85222069,,"иногда, бывает среди недели",tiurina.tv@phystech.edu,214697985,266083891,27,34,1000.0,0,|,0,1
34,Дедков,Денис,Андреевич,Б01-109,1,220,266083891,,очень редко,dedkov.da@phystech.edu,85222069,535350848,33,40,1434.4,1,| vk.com/id533729992 |,0,1
35,Еникеев,Эрик,Нариманович,Б01-107,1,335,533729992,,очень редко,enikeev.en@phystech.edu,266083891,535350848,34,40,1672.0,2,| vk.com/id384807454 | vk.com/id319840164 |,0,0
36,Тыжневая,Полина,Олеговна,Б01-101,1,405,384807454,"Если одежды, то М",уезжаю только на выходные,tyzhnevaia.po@phystech.edu,533729992,319840164,35,37,1000.0,0,|,0,0
37,Тясто,Мария,Вячеславовна,Б01-106,1,410,319840164,,очень редко,tiasto.mv@phystech.edu ,533729992,535350848,35,40,1360.0,1,| vk.com/id503224384 |,0,0
38,Бачило,Яна,Дмитриевна,Б01-102,1,403,503224384,,очень редко,bachilo.iad@phystech.edu,319840164,535350848,37,40,1300.0,1,| vk.com/id211428991 |,0,0
39,Шпилевская ,Ксения ,Алексеевна,Б01-110,1,403,211428991,,очень редко,shpilevskaia.ka@phystech.edu,503224384,535350848,38,40,1000.0,0,|,0,0
40,Климентьева,Мария,Робертовна,Б01-105,1,305,535350848,,уезжаю только на выходные,klimenteva.mr@phystech.edu,266083891,89255161,34,41,1000.0,0,|,0,1
41,Константин,Китаев,-,Б01-103,1,429,89255161,,"часто, бывает среди недели",kitaev.kn@phystech.edu,535350848,188034696,40,42,1000.0,0,|,0,1
42,Павлова ,Ирина,Денисовна,Б01-003,2,302,188034696,,уезжаю только на выходные,pirinad2002@yandex.ru ,89255161,186943699,41,43,1000.0,0,|,0,1
43,Зинин,Иван,Александрович,Б01-104,1,429,186943699,,очень редко,zinin.ia@phystech.edu,188034696,302537620,42,44,1000.0,0,|,0,1
44,Субханкулов,Рустам,Рамилевич,Б01-109,1,332,302537620,,очень редко,subkhankulov.rr@phystech.edu,186943699,222573035,43,45,1000.0,0,|,0,1
45,Орлова,Анастасия,Анатольевна,Б01-008,2,303,222573035,,бывает случается, orlova.anastasiia@phystech.edu,302537620,167689869,44,46,1000.0,0,|,0,1
46,Курицына,Кристина,Александровна,Б01-001,2,602-4 (8ка),167689869,sss,"иногда, бывает среди недели",m_krissstina@mail.ru,222573035,444541997,45,47,1000.0,0,|,0,1
47,Полешко,Анастасия ,Олеговна ,Б01-005,2,308,444541997,,очень редко,poleshko.ao@phystech.edu ,167689869,382988110,46,48,1000.0,0,|,0,1
48,Серов,Егор,Андреевич,Б01-101,1,332,382988110,,очень редко,serov.ea@phystech.edu,444541997,370861948,47,49,1000.0,0,|,0,1
49,Дементьев,Даниил,Викторович,Б01-0004,2,415,370861948,,"часто, бывает среди недели",dementev.dv@phystech.edu,382988110,335588260,48,50,1000.0,0,|,0,1
50,Кутейников,Сергей,Дмитриевич,Б01-108,1,213,335588260,,"часто, бывает среди недели",kuteinikov.sd@phystech.edu,370861948,217592975,49,52,1300.0,1,| vk.com/id417062296 |,0,1
51,Мишин,Александр,Андреевич,Б01-004,2,216,417062296,,очень редко,mishin.aa@phystech.edu,335588260,217592975,50,52,1000.0,0,|,0,0
52,Лабашкин,Глеб,Александрович,Б01-005,2,414,217592975,,очень редко,labashkin.ga@phystech.edu,335588260,668892274,50,55,1360.0,1,| vk.com/id173236758 |,0,1
53,Федюнева,Анастасия ,Юрьевна,Б01-104,1,410,173236758,,очень редко,kotishka2014@gmail.com ,217592975,668892274,52,55,1300.0,1,| vk.com/id168832454 |,0,0
54,Косточка,Михаил,Алексеевич,С01-019,2,225,168832454,L,очень редко,kma03.12.2002@gmail.com,173236758,668892274,53,55,1000.0,0,|,0,0
55,Мальцев,Лев,Александрович,С01-119,1,107,668892274,48-50,очень редко,leorius.malz@gmail.com,217592975,540504150,52,56,1000.0,0,|,0,1
56,Матренин,Василий,Николаевич,Б01-006,2,312,540504150,,очень редко,matrenin.vn@phystech.edu,668892274,232750111,55,57,1000.0,0,|,0,1
57,Герасименко,Данил,Владимирович,Б01-104,1,213,232750111,,бывает случается,gerasimenko.dv@phystech.edu,540504150,443891202,56,58,1000.0,0,|,0,1
58,Денишева,Рушана,Руслановна,Б01-101,1,403,443891202,,очень редко,denisheva.rr@phystech.edu,232750111,394138857,57,59,1000.0,0,|,0,1
59,Третьяков,Антон,Анатольевич,Б01-901,3,208,394138857,L/XL,очень редко,designation.five@gmail.com,443891202,141954395,58,60,1000.0,0,|,0,1
60,Кутузов,Виктор,Михайлович,Б01-105,1,429,141954395,,уезжаю только на выходные,vk63200257@gmail.com,394138857,184577446,59,63,1360.0,1,| vk.com/id267022722 |,0,1
61,Конопля,Максим,Алексеевич,Б01-003,2,415,267022722,,"часто, бывает среди недели",konoplia.ma@phystech.edu,141954395,184577446,60,63,1300.0,1,| vk.com/id190783881 |,0,0
62,Засимов ,Георгий ,Алексеевич ,Б01-109,1,426,190783881,,"часто, бывает среди недели",zasimov.ga@phystech.edu,267022722,184577446,61,63,1000.0,0,|,0,0
63,Батарин,Егор,Владиславович,Б01-906,3,204,184577446,,уезжаю только на выходные,egorbatarin@yandex.ru,141954395,342852246,60,64,1000.0,0,|,0,1
64,Алексеев ,Алексей ,Алексеевич ,Б01-105,1,330,342852246,,"часто, бывает среди недели",alekseev.aa@gmail.com,184577446,405295277,63,65,1000.0,0,|,0,1
65,Пархоцевич ,Иван,Николаевич ,Б01-107,1,421,405295277,,очень редко,parkhotsevich.in@phystech.edu,342852246,322881656,64,71,2020.0,3,| vk.com/id407785029 | vk.com/id152934949 | vk.com/id328784036 |,0,1
66,Усманов,Азамат,Комилжон угли,Б01-102,1,430,407785029,,очень редко,usmanov.ak@phystech.edu,405295277,152934949,65,68,1300.0,1,|  vk.com/id377037314 |,0,0
67,Авагимян ,Нвер,Араикович,Б01-007,2,421,377037314,,"иногда, бывает среди недели",avagimyan.na@phystech.edu,407785029,152934949,66,68,1000.0,0,|,0,0
68,Калинин,Андрей,Витальевич,Б01-108,1,436,152934949,XL,очень редко,kalinin.av@phystech.edu,405295277,328784036,65,69,1000.0,0,|,0,0
69,Цыгельников ,Дмитрий,Станиславович,Б01-106,1,106,328784036,,уезжаю только на выходные,tsygelnikov.ds@phystech.edu,405295277,322881656,65,71,1300.0,1,| vk.com/id366207264 |,0,0
70,Романов,Александр,Викторович,Б01-107,1,213,366207264,,очень редко,alex.rom23@mail.ru,328784036,322881656,69,71,1000.0,0,|,0,0
71,Мирзоян ,Мери,Артемовна,Б01-003 ,2,301,322881656,,очень редко,Mirzoian.ma@phystech.edu ,405295277,559166017,65,14,2560.0,3,| vk.com/id188878796 | vk.com/id145545897 | vk.com/id190152422 |,0,1
72,Егорова,Мария,Сергеевна,Б01-110,1,410,188878796,Зачем... 42-44,очень редко,egorova.mariia@phystech.edu,322881656,145545897,71,1,1960.0,3,| vk.com/id235134025 | vk.com/id384512435 | vk.com/id322798073 |,0,0
73,Мандрик,Ярослав,Васильевич,Б01-108,1,416,235134025,,уезжаю только на выходные,mandrik.iav@phystech.edu,188878796,384512435,72,74,1000.0,0,|,0,0
74,Щербак,Никита,Сергеевич,Б01-106,1,317,384512435,S,очень редко,shcherbak.ns@phystech.edu,188878796,322798073,72,75,1000.0,0,|,0,0
75,Добровольская ,Ксения ,Дмитриевна ,Б01-101,1,301,322798073,,очень редко,KseniaDmitrievnaDobrovolskaya@mail.ru,188878796,145545897,72,1,1300.0,1,| vk.com/id421058786 |,0,0
